{
  "ref_stats": [
    159.4857177734375,
    34.25273513793945,
    159.1567840576172,
    13.685256004333496,
    88.92037200927734,
    13.40110969543457
  ],
  "source": "C:\\ml_project\\data\\splits\\train.csv",
  "n_sample": 200
}