{
  "taus": [
    0.05,
    0.060000000000000005,
    0.07,
    0.08000000000000002,
    0.09000000000000001,
    0.1,
    0.11000000000000001,
    0.12000000000000001,
    0.13,
    0.14,
    0.15000000000000002,
    0.16000000000000003,
    0.17000000000000004,
    0.18000000000000005,
    0.19,
    0.2,
    0.21000000000000002,
    0.22000000000000003,
    0.23000000000000004,
    0.24000000000000005,
    0.25000000000000006,
    0.26000000000000006,
    0.27,
    0.28,
    0.29000000000000004,
    0.30000000000000004,
    0.31000000000000005,
    0.32000000000000006,
    0.33,
    0.34,
    0.35000000000000003,
    0.36000000000000004,
    0.37000000000000005,
    0.38000000000000006,
    0.39000000000000007,
    0.4000000000000001,
    0.4100000000000001,
    0.42000000000000004,
    0.43000000000000005,
    0.44000000000000006,
    0.45000000000000007,
    0.4600000000000001,
    0.4700000000000001,
    0.4800000000000001,
    0.49000000000000005,
    0.5000000000000001,
    0.5100000000000001,
    0.5200000000000001,
    0.5300000000000001,
    0.5400000000000001,
    0.5500000000000002,
    0.5600000000000002,
    0.5700000000000002,
    0.5800000000000002,
    0.5900000000000002,
    0.6000000000000002,
    0.6100000000000001,
    0.6200000000000001,
    0.6300000000000001,
    0.6400000000000001,
    0.6500000000000001,
    0.6600000000000001,
    0.6700000000000002,
    0.6800000000000002,
    0.6900000000000002,
    0.7000000000000002,
    0.7100000000000002,
    0.7200000000000002,
    0.7300000000000002,
    0.7400000000000002,
    0.7500000000000002,
    0.7600000000000002,
    0.7700000000000002,
    0.7800000000000001,
    0.7900000000000001,
    0.8000000000000002,
    0.8100000000000002,
    0.8200000000000002,
    0.8300000000000002,
    0.8400000000000002,
    0.8500000000000002,
    0.8600000000000002,
    0.8700000000000002,
    0.8800000000000002,
    0.8900000000000002,
    0.9000000000000002,
    0.9100000000000003,
    0.9200000000000003,
    0.9300000000000002,
    0.9400000000000002,
    0.9500000000000002
  ],
  "f1": [
    0.8467414783204257,
    0.8740008880994672,
    0.8888124319054992,
    0.8980431333372509,
    0.9022089552238806,
    0.904132730015083,
    0.9067363813229572,
    0.9087347738262839,
    0.909852732762339,
    0.9114315776443647,
    0.9116787867487103,
    0.9115849856590598,
    0.9122039617571706,
    0.9119378679694351,
    0.912232204561161,
    0.912585870044747,
    0.9124668435013262,
    0.9123228744939271,
    0.9121673003802281,
    0.9122651091924835,
    0.9115533795383735,
    0.9115923566878981,
    0.9110274889980229,
    0.9106127403999744,
    0.9106720378540828,
    0.9093005380476556,
    0.9090092978518756,
    0.9082032504657288,
    0.9083306529430685,
    0.9073692347333162,
    0.907203198555491,
    0.9063206146297372,
    0.9057872615583575,
    0.9057605177993527,
    0.9052031361368497,
    0.9051293690422152,
    0.9044867216414518,
    0.9040436874268626,
    0.903540744597761,
    0.9027044639947865,
    0.9020810228977755,
    0.9012539184952978,
    0.9003791345273892,
    0.8998102218441202,
    0.8990693406737449,
    0.8988719832109129,
    0.8981548361678376,
    0.8963928383359663,
    0.8964881070040193,
    0.895514511873351,
    0.8946986201888163,
    0.893940395162889,
    0.8938281405040682,
    0.8929209986093636,
    0.8925707469017164,
    0.891866790500199,
    0.8909694555112881,
    0.8900711578107335,
    0.8894806924101198,
    0.888622275544891,
    0.8867672586460141,
    0.8852919537154705,
    0.8839919624916276,
    0.8826883090750554,
    0.8816814396991673,
    0.881064373068136,
    0.8803119956966111,
    0.8795261811818549,
    0.8779665587918015,
    0.8771858753629059,
    0.8760475804271425,
    0.8751099979692682,
    0.8735336000542483,
    0.8719342346626809,
    0.8710138029509757,
    0.8698079803894866,
    0.8683312866693955,
    0.866516301004716,
    0.8640164496230295,
    0.861227575778404,
    0.8582259287338894,
    0.8547126754719591,
    0.8508717093838994,
    0.845589775822334,
    0.8404494382022472,
    0.8347457627118644,
    0.8270612506224657,
    0.81509705248023,
    0.8014845000727696,
    0.7771088814567075,
    0.7392870831736298
  ],
  "acc": [
    0.82244873046875,
    0.8614501953125,
    0.88165283203125,
    0.89410400390625,
    0.9000244140625,
    0.90301513671875,
    0.9063720703125,
    0.90899658203125,
    0.91070556640625,
    0.91265869140625,
    0.91326904296875,
    0.9134521484375,
    0.91424560546875,
    0.9141845703125,
    0.91473388671875,
    0.91534423828125,
    0.9154052734375,
    0.9154052734375,
    0.9154052734375,
    0.9156494140625,
    0.91510009765625,
    0.915283203125,
    0.91485595703125,
    0.91461181640625,
    0.91473388671875,
    0.91357421875,
    0.91339111328125,
    0.91278076171875,
    0.91302490234375,
    0.9122314453125,
    0.91217041015625,
    0.91143798828125,
    0.91107177734375,
    0.9111328125,
    0.91070556640625,
    0.91070556640625,
    0.91021728515625,
    0.909912109375,
    0.9095458984375,
    0.90887451171875,
    0.90838623046875,
    0.90771484375,
    0.906982421875,
    0.90655517578125,
    0.906005859375,
    0.9058837890625,
    0.90533447265625,
    0.9039306640625,
    0.90411376953125,
    0.9033203125,
    0.90264892578125,
    0.90203857421875,
    0.90203857421875,
    0.90130615234375,
    0.90106201171875,
    0.9005126953125,
    0.8997802734375,
    0.89910888671875,
    0.898681640625,
    0.89801025390625,
    0.896484375,
    0.89532470703125,
    0.894287109375,
    0.89324951171875,
    0.8924560546875,
    0.8919677734375,
    0.891357421875,
    0.8907470703125,
    0.8895263671875,
    0.88897705078125,
    0.8880615234375,
    0.88739013671875,
    0.88616943359375,
    0.88494873046875,
    0.88421630859375,
    0.88330078125,
    0.8822021484375,
    0.88079833984375,
    0.87890625,
    0.87677001953125,
    0.87445068359375,
    0.87176513671875,
    0.86895751953125,
    0.86505126953125,
    0.861328125,
    0.857177734375,
    0.85162353515625,
    0.843017578125,
    0.83349609375,
    0.81695556640625,
    0.79241943359375
  ],