{
  "taus": [
    0.05,
    0.060000000000000005,
    0.07,
    0.08000000000000002,
    0.09000000000000001,
    0.1,
    0.11000000000000001,
    0.12000000000000001,
    0.13,
    0.14,
    0.15000000000000002,
    0.16000000000000003,
    0.17000000000000004,
    0.18000000000000005,
    0.19,
    0.2,
    0.21000000000000002,
    0.22000000000000003,
    0.23000000000000004,
    0.24000000000000005,
    0.25000000000000006,
    0.26000000000000006,
    0.27,
    0.28,
    0.29000000000000004,
    0.30000000000000004,
    0.31000000000000005,
    0.32000000000000006,
    0.33,
    0.34,
    0.35000000000000003,
    0.36000000000000004,
    0.37000000000000005,
    0.38000000000000006,
    0.39000000000000007,
    0.4000000000000001,
    0.4100000000000001,
    0.42000000000000004,
    0.43000000000000005,
    0.44000000000000006,
    0.45000000000000007,
    0.4600000000000001,
    0.4700000000000001,
    0.4800000000000001,
    0.49000000000000005,
    0.5000000000000001,
    0.5100000000000001,
    0.5200000000000001,
    0.5300000000000001,
    0.5400000000000001,
    0.5500000000000002,
    0.5600000000000002,
    0.5700000000000002,
    0.5800000000000002,
    0.5900000000000002,
    0.6000000000000002,
    0.6100000000000001,
    0.6200000000000001,
    0.6300000000000001,
    0.6400000000000001,
    0.6500000000000001,
    0.6600000000000001,
    0.6700000000000002,
    0.6800000000000002,
    0.6900000000000002,
    0.7000000000000002,
    0.7100000000000002,
    0.7200000000000002,
    0.7300000000000002,
    0.7400000000000002,
    0.7500000000000002,
    0.7600000000000002,
    0.7700000000000002,
    0.7800000000000001,
    0.7900000000000001,
    0.8000000000000002,
    0.8100000000000002,
    0.8200000000000002,
    0.8300000000000002,
    0.8400000000000002,
    0.8500000000000002,
    0.8600000000000002,
    0.8700000000000002,
    0.8800000000000002,
    0.8900000000000002,
    0.9000000000000002,
    0.9100000000000003,
    0.9200000000000003,
    0.9300000000000002,
    0.9400000000000002,
    0.9500000000000002
  ],
  "f1": [
    0.8997985611510791,
    0.9063657203315112,
    0.9086034318398475,
    0.9107744107744108,
    0.9107878787878788,
    0.9118829981718465,
    0.9123452249601569,
    0.9125831076089633,
    0.912369542394862,
    0.9130327056491576,
    0.913629307668426,
    0.9143532926677456,
    0.9133828764129145,
    0.9129727022289006,
    0.9133789123753372,
    0.9127837514934289,
    0.9129257696908645,
    0.9128295698246499,
    0.912123317960705,
    0.9117814456459875,
    0.9118895293595997,
    0.911190053285968,
    0.9103965429588206,
    0.9097385662489663,
    0.9081060412949273,
    0.9080122480224547,
    0.9074535351599924,
    0.9066257354822205,
    0.9064840299558343,
    0.905991669336751,
    0.9055562684460413,
    0.9052144875417416,
    0.9041307425041822,
    0.9034087247889684,
    0.9027428202646015,
    0.9021458117890383,
    0.9014759192128431,
    0.9012697590049236,
    0.8991099850581433,
    0.8979963570127505,
    0.896969696969697,
    0.8961556034201423,
    0.8954111648581514,
    0.8948126801152738,
    0.8942673488128033,
    0.8935974205435283,
    0.8930618699347698,
    0.8924376402270028,
    0.891868683532598,
    0.8910341179582121,
    0.890888638920135,
    0.8893602916804773,
    0.8889183808891838,
    0.8883279080581944,
    0.887322069974724,
    0.8869067429940758,
    0.8856590439362624,
    0.8846153846153846,
    0.8841626538255751,
    0.8835776929771708,
    0.8830072366657733,
    0.882001744147045,
    0.8811874538249714,
    0.8805970149253731,
    0.8797038034331874,
    0.8787592717464598,
    0.8776502363268062,
    0.8756595859829522,
    0.8741272961431573,
    0.8724704604101589,
    0.8712857822805467,
    0.8697725105571448,
    0.8684084862541783,
    0.8663796049483973,
    0.8656859391036607,
    0.8640570370878179,
    0.8620097534171303,
    0.8605818832106747,
    0.859072427813383,
    0.8566887783305693,
    0.8543527945148556,
    0.8524044132953994,
    0.8498469245755635,
    0.8473985214116334,
    0.8424887892376681,
    0.8382694336967992,
    0.8328619909502263,
    0.8253132118451025,
    0.8136056378541636,
    0.799330129605359,
    0.7774480712166172
  ],
  "acc": [
    0.89373779296875,
    0.90277099609375,
    0.9063720703125,
    0.909423828125,
    0.91015625,
    0.9117431640625,
    0.9127197265625,
    0.913330078125,
    0.91339111328125,
    0.914306640625,
    0.91510009765625,
    0.916015625,
    0.91534423828125,
    0.9151611328125,
    0.91571044921875,
    0.91534423828125,
    0.91558837890625,
    0.9156494140625,
    0.91510009765625,
    0.91485595703125,
    0.91510009765625,
    0.91455078125,
    0.9139404296875,
    0.91339111328125,
    0.9119873046875,
    0.9119873046875,
    0.91156005859375,
    0.910888671875,
    0.91082763671875,
    0.91046142578125,
    0.91015625,
    0.909912109375,
    0.9090576171875,
    0.90850830078125,
    0.90802001953125,
    0.9075927734375,
    0.9071044921875,
    0.906982421875,
    0.90521240234375,
    0.904296875,
    0.90350341796875,
    0.90289306640625,
    0.90234375,
    0.9019775390625,
    0.901611328125,
    0.90130615234375,
    0.90093994140625,
    0.9005126953125,
    0.90008544921875,
    0.8994140625,
    0.89935302734375,
    0.89813232421875,
    0.8978271484375,
    0.89739990234375,
    0.8966064453125,
    0.89630126953125,
    0.89532470703125,
    0.89453125,
    0.894287109375,
    0.89385986328125,
    0.8934326171875,
    0.89263916015625,
    0.89202880859375,
    0.8916015625,
    0.89093017578125,
    0.8902587890625,
    0.889404296875,
    0.8878173828125,
    0.88665771484375,
    0.8853759765625,
    0.88446044921875,
    0.88330078125,
    0.88226318359375,
    0.88067626953125,
    0.88018798828125,
    0.87896728515625,
    0.87738037109375,
    0.87628173828125,
    0.87518310546875,
    0.8734130859375,
    0.87164306640625,
    0.87017822265625,
    0.8682861328125,
    0.866455078125,
    0.86279296875,
    0.85968017578125,
    0.855712890625,
    0.8502197265625,
    0.841796875,
    0.831787109375,
    0.81689453125
  ],